Website,EmailAddress
http://www.thisweekinstartups.com,
http://www.nectafy.com,
http://www.salesreach.io,
http://www.seancannell.com,
http://www.getvyral.com,
http://www.netfactor.com,
http://www.aerocrewsolutions.com,
http://www.ar.capital,
http://www.eazl.co,
http://www.wootric.com,
http://www.firmsconsulting.com,
http://www.industrialsage.com,
http://www.messagedesk.com,
http://www.lumaforge.com,
http://www.yotribe.co,
http://www.advisor2x.com,
http://www.noteschool.com,
http://www.dogevity.com,
http://www.howtocontract.com,
http://www.financialwellnesspr.net,
http://www.hive9.com,
http://www.axiompaymentsystems.com,
http://www.biomedican.com,
http://www.proofoftalent.co,
http://www.pirple.com,
http://www.skymind.io,
http://www.identify3d.com,
http://www.criskacademy.com,
http://www.roompact.com,
http://www.userwise.io,
http://www.socialmediapro.com,
http://www.donordock.com,
http://www.phytopartners.com,
http://www.riseclientsuccess.com,
http://www.liveflow.io,
http://www.guesttouch.com,
http://www.triddynamics.com,
http://www.bullhornreach.com,
http://www.brentozar.com,
http://www.dreamjobhub.com,
http://www.sigstr.com,
http://www.finkdevelopment.com,
http://www.sundownmarketing.com,
http://www.defy.community,
http://www.productmarketingworld.com,
http://www.tobeagency.co,
http://www.beautyrx.com,
http://www.thewedge.net,
http://www.htpartners.com,
http://www.advisorycapitalbrokertraining.com,
http://www.plexocap.com,
http://www.5gcourses.com,
http://www.sigstr.com,
http://www.tapinfluence.com,
http://www.hrlnhouston.com,
http://www.leap.is,
http://www.esnaexpo.com,
http://www.sigstr.com,
http://www.sigstr.com,
http://www.thecollectivegenius.com,
http://www.procaresoftware.com,
http://www.graphpad.com,
http://www.fundinggates.com,
http://www.joshhmiller.com,
http://www.micro-documentaries.com,
http://www.venturefizz.com,
http://www.snapapp.com,
http://www.schoolforstartups.com,
http://www.artemiscm.com,
http://www.cybersecuritymarketingsociety.com,
http://www.tacklewhatsnext.com,
http://www.springboardretail.com,
http://www.inspectionxpert.com,
http://www.clickswitch.com,
http://www.bvoip.com,
http://www.growthacademy.global,
http://www.thetayf.com,
http://www.sequentlearning.com,
http://www.jordanraynor.com,
http://www.globalnlptraining.com,
http://www.price-pottenger.org,
http://www.careerleadhers.com,
http://www.sigstr.com,
http://www.beautyrest.com,
http://www.highfive.com,
http://www.meetopolis.com,
http://www.dutchtechsf.com,
http://www.thinklouder.com,
http://www.title-junction.com,
http://www.easysoft-usa.com,
http://www.spectruss.com,
http://www.paulsonwealth.com,
http://www.speakconfidentenglish.com,
http://www.align5.com,
http://www.threefounderspublishing.com,
http://www.emplify.com,
http://www.allearsenglish.com,
http://www.idnsummit.com,
http://www.mindsetdigital.com,
http://www.qfrsolutions.com,
http://www.ieltstestonline.com,
http://www.meddic.academy,
http://www.boardprospects.com,
http://www.apprenda.com,
http://www.emerginged.com,
http://www.wundertre.com,
http://www.conventusortho.com,
http://www.trakstar.com,
http://www.sqreen.com,
http://www.metageek.com,
http://www.ethosesg.com,
http://www.simpleselling.co,
http://www.theartofcoachingvolleyball.com,
http://www.daveondata.com,
http://www.sparktoro.com,
http://www.inspireyourbrand.com,
http://www.financealliance.io,
http://www.thedroneu.com,
http://www.rotabull.com,
http://www.optimumproductions.com,
http://www.causevox.com,
http://www.cancer.university,
http://www.eglass.io,
http://www.iiot.university,
http://www.roimarketinginstitute.com,
http://www.law.com,
http://www.nationalmortgageprofessional.com,
http://www.justinwelsh.me,
http://www.venturecafemiami.org,
http://www.pyimagesearch.com,
http://www.ameritechmedia.com,
http://www.capsule8.com,
http://www.tettra.com,
http://www.pocketbuildings.com,
http://www.selleractive.com,
http://www.atspoke.com,
http://www.buck.ai,
http://www.elogiclearning.com,
http://www.milkvideo.com,
http://www.protopia.co,
http://www.beaconspoint.com,
http://www.schoolofbots.co,
http://www.manager-tools.com,
http://www.remoteprjobs.com,
http://www.waypointrobotics.com,
http://www.sigstr.com,
http://www.radhakalaria.com,
http://www.5paragraph.com,
http://www.wellcheck.us,
http://www.phonewagon.com,
http://www.huify.com,
http://www.input-ace.com,
http://www.orchestrasoftware.com,
http://www.stackery.io,
http://www.gdandtbasics.com,
http://www.valize.com,
http://www.freewebinars.com,
http://www.patrickdang.com,
http://www.kumul.us,
http://www.agncgroup.com,
http://www.curalate.com,
http://www.wildleadershipforum.org,
http://www.thediscoverylabs.com,
http://www.nufuturist.com,
http://www.sigstr.com,
http://www.joshbraun.com,
http://www.genconnectu.com,
http://www.1sthcc.com,
http://www.munirevs.com,
http://www.airfox.com,
http://www.thingtech.com,
http://www.digitalblitz.co,
http://www.ptpracticepro.com,
http://www.incsys.com,
http://www.m16marketing.com,
http://www.thenonclinicalpt.com,
http://www.indyautonomouschallenge.com,
http://www.reachtoteachrecruiting.com,
http://www.join.me,
http://www.peytonames.com,
http://www.adstage.io,
http://www.interseller.io,
http://www.jasonswenk.com,
http://www.veganmainstream.com,
http://www.tomorrow.me,
http://www.dmeltzer.com,
http://www.almost30.com,
http://www.byobpodcast.com,
http://www.chasehughes.com,
http://www.velocitygrowth.com,
http://www.gradescope.com,
http://www.virtualrealitymarketing.com,
http://www.cypresslearning.com,
http://www.skylinesacademy.com,
http://www.swinecampus.com,
http://www.spiralmethod.com,
http://www.flxbio.com,
http://www.globalsecure.academy,
http://www.zimark.io,
http://www.thrive-her.com,
http://www.nimbella.com,
http://www.medcram.com,
http://www.logcheck.com,
http://www.kanbansolutions.com,
http://www.dataplusmath.com,
http://www.leadershipiq.com,
http://www.positivehire.co,
http://www.steamchain.io,
http://www.leadsmarttech.com,
http://www.secretentourage.com,
http://www.raises.com,
http://www.turningtechnologies.com,
http://www.verticaltrail.com,
http://www.indushield.com,
http://www.genbook.com,
http://www.nvhotels.com,
http://www.buildinggurus.com,
http://www.johncostigan.com,
http://www.pwr-trans.com,
